{"name":"Untitled form","title":"Form Title","description":"","new_editor":true,"show_title_description":true,"showHeader":false,"showFooter":false,"lang":1,"columns":1,"status":true,"template":0,"limits":0,"fldIndex":4,"captcha":false,"IpTracking":true,"post_data_url":"","send_mail":true,"elements":[[{"FieldTypeName":"Button","properties":{"type":{"title":"Button Type:","type":"select","value":"submit","options":["submit","reset","print","draft","dummy","Salesforce Action","Visual Composer","Go Prev","Go Next","Go to page","Reset signature","Modal signature","Condition","SmartV Logout","Redirect","SSO Logout","XML Parser","Twilio","Close Twilio","Refresh Location","Barcode Scanner","AllScripts","SAP Action"]},"align":{"title":"Button align","type":"select","value":"auto","options":["auto","left","center","right"]},"user_tip":{"title":"User tip","type":"text","value":""},"img_btn_url":{"title":"Choose BackGround Image","type":"imageBackground","value":"","src":""},"default":{"title":"Button text","type":"text","value":"Submit"},"admin_field_only":{"title":"Admin Field","type":"checkbox","value":false},"unique_value":{"title":"Unique value","type":"checkbox","value":false},"confirmation_mode":{"title":"Confirmation mode","type":"checkbox","value":false},"onclick_action":{"title":"On click action","type":"checkbox","value":false},"prop_disabled":{"value":true},"field_id":{"value":true,"id":"fld1"},"styles":{"Container-1645535846778-289-1":{"options":{"top":100,"left":100}}}},"FieldTypeIsLabelAssociated":0,"FieldTypeIsDataContainer":0,"FieldTypeConditionType":null,"uid":"1645535846778-289-1","visible":"show","className":"Button-1645535846778-289-1","classUID":"1645535846778-289-1","storedSize":{"styles":{"width":250,"height":40}},"hidePreview":false},{"properties":{"image":{"title":"Default image","type":"imageupload","value":"","src":"https://d3255hq6rclyj1.cloudfront.net/d84bb16a282e436a76e595028d8962f7.jpg","width":2288,"height":1287,"hide":true},"_url":{"title":"Image HREF","type":"text","value":""},"_target":{"title":"HREF target","type":"select","value":"_self","options":["_blank","_parent","_self","_top"]},"showImageGallery":{"value":true},"width":{"title":"Width","value":null,"type":"text"},"height":{"title":"Height","value":null,"type":"text"},"rotation":{"title":"Rotation","value":0,"min":0,"step":1,"max":360},"img_tooltip":{"title":"Image Tip","type":"text","value":""},"align":{"title":"Image align","type":"select","value":"auto","options":["auto","left","center","right"]},"valuerule":{"value":true},"condition":{"value":true},"field_id":{"value":true,"id":"fld2"},"use_for_pdf":{"title":"Use for PDF","value":false},"keep_aspect_ratio":{"title":"Keep aspect ratio","value":false},"onclick_action":{"title":"On click action","type":"checkbox","value":false},"isSetOrder":true,"subIndex":1,"styles":{"Container-1645536393173-167-1":{"options":{"top":163,"left":48,"width":133,"taborder":2},"container":{}},"Image-1645536393173-167-1":{"element":{"font-family":"Verdana, Geneva, sans-serif","font-size":"16px","color":"rgba(97,97,97,1)","padding-left":"px","size":"custom","width":"578.5714285714286px","height":"324px","background-color":"transparent"},"container":{},"options":{"widthUnit":"px","heightUnit":"px"},"type":"GeneralElement"}}},"isNew":true,"uid":"1645536393173-167-1","visible":"show","FieldTypeID":23,"FieldTypeName":"Image","FieldTypeDescription":"image for esthetic purposes","FieldTypeIsDataContainer":0,"FieldTypeIsForForm":1,"FieldTypeIsForReport":1,"FieldTypeConditionType":null,"FieldTypeIsBasic":0,"FieldTypeOrder":11,"FieldTypeIsLabelAssociated":0,"FieldTypeFormBuilderType":0,"FieldTypeReportBuilderType":0,"row":1,"storedSize":{"styles":{"width":579,"height":324}},"className":"Image-1645536393173-167-1","classUID":"1645536393173-167-1","hidePreview":false},{"properties":{"image":{"title":"Default image","type":"imageupload","value":"","src":"https://d3255hq6rclyj1.cloudfront.net/50b127c8a352f6d296bbcf2ae4a47829.jpg","width":2288,"height":1287,"hide":true},"_url":{"title":"Image HREF","type":"text","value":""},"_target":{"title":"HREF target","type":"select","value":"_self","options":["_blank","_parent","_self","_top"]},"showImageGallery":{"value":true},"width":{"title":"Width","value":null,"type":"text"},"height":{"title":"Height","value":null,"type":"text"},"rotation":{"title":"Rotation","value":0,"min":0,"step":1,"max":360},"img_tooltip":{"title":"Image Tip","type":"text","value":""},"align":{"title":"Image align","type":"select","value":"auto","options":["auto","left","center","right"]},"valuerule":{"value":true},"condition":{"value":true},"field_id":{"value":true,"id":"fld4"},"use_for_pdf":{"title":"Use for PDF","value":false},"keep_aspect_ratio":{"title":"Keep aspect ratio","value":false},"onclick_action":{"title":"On click action","type":"checkbox","value":false},"isSetOrder":true,"subIndex":1,"styles":{"Container-1645536585835-871-3":{"options":{"top":201,"left":197,"taborder":4},"container":{}},"Image-1645536585835-871-3":{"element":{"font-family":"Verdana, Geneva, sans-serif","font-size":"16px","color":"rgba(97,97,97,1)","padding-left":"px","size":"custom","width":"867.8571428571429px","height":"486px","background-color":"transparent"},"container":{},"options":{"widthUnit":"px","heightUnit":"px"},"type":"GeneralElement"}}},"isNew":true,"uid":"1645536585835-871-3","visible":"show","FieldTypeID":23,"FieldTypeName":"Image","FieldTypeDescription":"image for esthetic purposes","FieldTypeIsDataContainer":0,"FieldTypeIsForForm":1,"FieldTypeIsForReport":1,"FieldTypeConditionType":null,"FieldTypeIsBasic":0,"FieldTypeOrder":11,"FieldTypeIsLabelAssociated":0,"FieldTypeFormBuilderType":0,"FieldTypeReportBuilderType":0,"row":2,"className":"Image-1645536585835-871-3","classUID":"1645536585835-871-3","storedSize":{"styles":{"width":868,"height":486}},"hidePreview":false}],[],[],[]],"customEmailToFormOwner":{"isCustomEmailToFormOwner":false,"expression":"","expression_text":""},"additionalEmails":false,"customEmailFormat":{"isCustomEmail":false,"expression":"","expression_text":""},"isReplyToEmail":false,"replyToEmail":"","additionalEmailsList":"","additional_mails":"","custom_mail_format":"","redirect_url":"","redirectToUrl":false,"confirmation_text":"","confirmationText":true,"form_time_zone":2,"auto_translation":false,"delete_button_with_confirmation":"","user_notice":false,"unique_submission":false,"quota_limit":false,"quota_limit_count":0,"availableDateFrom":"2022-02-22T13:17:17.599Z","availableDateTo":"2022-02-22T13:17:17.599Z","availableFromTo":false,"disable":false,"acceleration":false,"chats":false,"heatmap":false,"randomize":false,"save2db":false,"autotranslate":false,"google_prediction":false,"geo_ip":false,"abTestingEnable":false,"typeOfForm":-1,"rules":[],"valueRule":[],"formUrlExtension":"ft3d9d2a4c1645535846154","isChangedUrlExtension":false,"validIndicator":true,"errorIndicator":true,"dontSaveData":false,"generateBarCode":false,"usability":false,"seo":{"title":"","description":"","keywords":""},"submit":{"value":"Submit Form"},"securedLogo":false,"autocorrectForMobile":false,"customSubject":{"expression":null,"expression_text":null,"showEditor":false},"customHeader":{"expression":null,"expression_text":null,"showEditor":false},"customFooter":{"expression":null,"expression_text":null,"showEditor":false},"direction":{"isChecked":false,"value":"ltr"},"styles":{},"panelSettings":{"toolbar":{"isHide":true}},"PageBreak":{"header":"","footer":""},"ver":2,"abTestingConfig":{"forms":[]},"footer":{"elements":[{"FieldTypeName":"Button","properties":{"type":{"title":"Button Type:","type":"select","value":"submit","options":["submit","reset","print","draft","dummy","Salesforce Action","Visual Composer","Go Prev","Go Next","Go to page","Reset signature","Modal signature","Condition","SmartV Logout","Redirect","SSO Logout","XML Parser","Twilio","Close Twilio","Refresh Location","Barcode Scanner"]},"align":{"title":"Button align","type":"select","value":"auto","options":["auto","left","center","right"]},"user_tip":{"title":"User tip","type":"text","value":""},"img_btn_url":{"title":"Choose BackGround Image","type":"imageBackground","value":"","src":""},"default":{"title":"Button text","type":"text","value":"Submit"},"admin_field_only":{"title":"Admin Field","type":"checkbox","value":false},"unique_value":{"title":"Unique value","type":"checkbox","value":false},"confirmation_mode":{"title":"Confirmation mode","type":"checkbox","value":false},"onclick_action":{"title":"On click action","type":"checkbox","value":false},"prop_disabled":{"value":true},"field_id":{"value":true}}}],"sortableOptions":{"connectWith":".elements-list","placeholder":"placeholder-element","handle":".formElementHandle,#moveElement,.form-element","appendTo":"body","revert":"invalid","revertDuration":800,"scroll":false,"cursor":"move","delay":150}},"testing":{"list":[{"value":0,"label":"item1"},{"value":1,"label":"item2"}]},"analytics":{"viewID":""},"personalization":{"language":{"code":"en","name":"English","nativeName":"English"},"timezone":{},"inlineDateTimeShow":false,"geolocation":false,"submitMsg":"Submitting your form ...","showOptionalLabel":{"value":false,"label":"(Optional)"},"showMandatoryExplanation":{"value":false,"text":"* is mandatory field"}},"autofilter":false,"currentDevice":"Desktop","enabledVersions":true,"pagerCount":0,"formVersionSettings":{"isUseGit":true,"isLarge":false,"repo":"AmyDemo","branch":"main"},"ruller":{"leftLines":{},"topLines":{}},"ThemeID":511919,"id":1047743,"croNotifycation":{"cro":16},"isValidRule":0,"isCached":false,"isCachedHQImage":false}