{"name":"Untitled form","title":"Form Title","description":"","new_editor":true,"show_title_description":true,"showHeader":false,"showFooter":false,"lang":1,"columns":1,"status":true,"template":0,"limits":0,"fldIndex":10,"captcha":false,"IpTracking":true,"post_data_url":"","send_mail":true,"elements":[[{"FieldTypeName":"Button","properties":{"type":{"title":"Button Type:","type":"select","value":"submit","options":["submit","reset","print","draft","dummy","Salesforce Action","Visual Composer","Go Prev","Go Next","Go to page","Reset signature","Modal signature","Condition","SmartV Logout","Redirect","SSO Logout","XML Parser","Twilio","Close Twilio","Refresh Location","Barcode Scanner","AllScripts","SAP Action"]},"align":{"title":"Button align","type":"select","value":"auto","options":["auto","left","center","right"]},"user_tip":{"title":"User tip","type":"text","value":""},"img_btn_url":{"title":"Choose BackGround Image","type":"imageBackground","value":"","src":""},"default":{"title":"Button text","type":"text","value":"Submit"},"admin_field_only":{"title":"Admin Field","type":"checkbox","value":false},"unique_value":{"title":"Unique value","type":"checkbox","value":false},"confirmation_mode":{"title":"Confirmation mode","type":"checkbox","value":false},"onclick_action":{"title":"On click action","type":"checkbox","value":false},"prop_disabled":{"value":true},"field_id":{"value":true,"id":"fld1"},"styles":{"Container-1645535846778-289-1":{"options":{"top":100,"left":100}}}},"FieldTypeIsLabelAssociated":0,"FieldTypeIsDataContainer":0,"FieldTypeConditionType":null,"uid":"1645535846778-289-1","visible":"show","className":"Button-1645535846778-289-1","classUID":"1645535846778-289-1","storedSize":{"styles":{"width":250,"height":40}},"hidePreview":false},{"properties":{"image":{"title":"Default image","type":"imageupload","value":"","src":"https://d3255hq6rclyj1.cloudfront.net/d84bb16a282e436a76e595028d8962f7.jpg","width":2288,"height":1287,"hide":true},"_url":{"title":"Image HREF","type":"text","value":""},"_target":{"title":"HREF target","type":"select","value":"_self","options":["_blank","_parent","_self","_top"]},"showImageGallery":{"value":true},"width":{"title":"Width","value":null,"type":"text"},"height":{"title":"Height","value":null,"type":"text"},"rotation":{"title":"Rotation","value":0,"min":0,"step":1,"max":360},"img_tooltip":{"title":"Image Tip","type":"text","value":""},"align":{"title":"Image align","type":"select","value":"auto","options":["auto","left","center","right"]},"valuerule":{"value":true},"condition":{"value":true},"field_id":{"value":true,"id":"fld2"},"use_for_pdf":{"title":"Use for PDF","value":false},"keep_aspect_ratio":{"title":"Keep aspect ratio","value":false},"onclick_action":{"title":"On click action","type":"checkbox","value":false},"isSetOrder":true,"subIndex":1,"styles":{"Container-1645536393173-167-1":{"options":{"top":163,"left":48,"width":133,"taborder":2},"container":{}},"Image-1645536393173-167-1":{"element":{"font-family":"Verdana, Geneva, sans-serif","font-size":"16px","color":"rgba(97,97,97,1)","padding-left":"px","size":"custom","width":"578.5714285714286px","height":"324px","background-color":"transparent"},"container":{},"options":{"widthUnit":"px","heightUnit":"px"},"type":"GeneralElement"}}},"isNew":true,"uid":"1645536393173-167-1","visible":"show","FieldTypeID":23,"FieldTypeName":"Image","FieldTypeDescription":"image for esthetic purposes","FieldTypeIsDataContainer":0,"FieldTypeIsForForm":1,"FieldTypeIsForReport":1,"FieldTypeConditionType":null,"FieldTypeIsBasic":0,"FieldTypeOrder":11,"FieldTypeIsLabelAssociated":0,"FieldTypeFormBuilderType":0,"FieldTypeReportBuilderType":0,"row":1,"storedSize":{"styles":{"width":579,"height":324}},"className":"Image-1645536393173-167-1","classUID":"1645536393173-167-1","hidePreview":false},{"properties":{"image":{"title":"Default image","type":"imageupload","value":"","src":"https://d3255hq6rclyj1.cloudfront.net/50b127c8a352f6d296bbcf2ae4a47829.jpg","width":2288,"height":1287,"hide":true},"_url":{"title":"Image HREF","type":"text","value":""},"_target":{"title":"HREF target","type":"select","value":"_self","options":["_blank","_parent","_self","_top"]},"showImageGallery":{"value":true},"width":{"title":"Width","value":null,"type":"text"},"height":{"title":"Height","value":null,"type":"text"},"rotation":{"title":"Rotation","value":0,"min":0,"step":1,"max":360},"img_tooltip":{"title":"Image Tip","type":"text","value":""},"align":{"title":"Image align","type":"select","value":"auto","options":["auto","left","center","right"]},"valuerule":{"value":true},"condition":{"value":true},"field_id":{"value":true,"id":"fld4"},"use_for_pdf":{"title":"Use for PDF","value":false},"keep_aspect_ratio":{"title":"Keep aspect ratio","value":false},"onclick_action":{"title":"On click action","type":"checkbox","value":false},"isSetOrder":true,"subIndex":1,"styles":{"Container-1645536585835-871-3":{"options":{"top":61,"left":330,"taborder":4},"container":{}},"Image-1645536585835-871-3":{"element":{"font-family":"Verdana, Geneva, sans-serif","font-size":"16px","color":"rgba(97,97,97,1)","padding-left":"px","size":"custom","width":"867.8571428571429px","height":"486px","background-color":"transparent"},"container":{},"options":{"widthUnit":"px","heightUnit":"px"},"type":"GeneralElement"}}},"isNew":true,"uid":"1645536585835-871-3","visible":"show","FieldTypeID":23,"FieldTypeName":"Image","FieldTypeDescription":"image for esthetic purposes","FieldTypeIsDataContainer":0,"FieldTypeIsForForm":1,"FieldTypeIsForReport":1,"FieldTypeConditionType":null,"FieldTypeIsBasic":0,"FieldTypeOrder":11,"FieldTypeIsLabelAssociated":0,"FieldTypeFormBuilderType":0,"FieldTypeReportBuilderType":0,"row":2,"className":"Image-1645536585835-871-3","classUID":"1645536585835-871-3","storedSize":{"styles":{"width":868,"height":486}},"hidePreview":false},{"properties":{"image":{"title":"Default image","type":"imageupload","value":"","src":"https://formtitanimagegallery.s3.amazonaws.com/772fe786a8e96548fd126c38d0a2912e.jpg","alt":"Abstract orange","width":1920,"height":1743,"hide":true},"_url":{"title":"Image HREF","type":"text","value":""},"_target":{"title":"HREF target","type":"select","value":"_self","options":["_blank","_parent","_self","_top"]},"showImageGallery":{"value":true},"width":{"title":"Width","value":null,"type":"text"},"height":{"title":"Height","value":null,"type":"text"},"rotation":{"title":"Rotation","value":0,"min":0,"step":1,"max":360},"img_tooltip":{"title":"Image Tip","type":"text","value":""},"align":{"title":"Image align","type":"select","value":"auto","options":["auto","left","center","right"]},"valuerule":{"value":true},"condition":{"value":true},"field_id":{"value":true,"id":"fld5"},"use_for_pdf":{"title":"Use for PDF","value":false},"keep_aspect_ratio":{"title":"Keep aspect ratio","value":false},"onclick_action":{"title":"On click action","type":"checkbox","value":false},"isSetOrder":true,"subIndex":1,"styles":{"Container-1645536670015-641-4":{"options":{"top":-4,"left":5,"taborder":5},"container":{}},"Image-1645536670015-641-4":{"element":{"font-family":"Verdana, Geneva, sans-serif","font-size":"16px","color":"rgba(97,97,97,1)","padding-left":"px","size":"custom","width":"685.5555555555555px","height":"617px","background-color":"transparent"},"container":{},"options":{"widthUnit":"px","heightUnit":"px"},"type":"GeneralElement"}}},"isNew":true,"uid":"1645536670015-641-4","visible":"show","FieldTypeID":23,"FieldTypeName":"Image","FieldTypeDescription":"image for esthetic purposes","FieldTypeIsDataContainer":0,"FieldTypeIsForForm":1,"FieldTypeIsForReport":1,"FieldTypeConditionType":null,"FieldTypeIsBasic":0,"FieldTypeOrder":11,"FieldTypeIsLabelAssociated":0,"FieldTypeFormBuilderType":0,"FieldTypeReportBuilderType":0,"row":3,"className":"Image-1645536670015-641-4","classUID":"1645536670015-641-4","storedSize":{"styles":{"width":686,"height":617}},"hidePreview":false},{"properties":{"image":{"title":"Default image","type":"imageupload","value":"","src":"https://formtitanimagegallery.s3.amazonaws.com/a8a1de94ec2d6428c06c16945af36f29.jpg","alt":"Birthday balloons","width":1920,"height":1920,"hide":true},"_url":{"title":"Image HREF","type":"text","value":""},"_target":{"title":"HREF target","type":"select","value":"_self","options":["_blank","_parent","_self","_top"]},"showImageGallery":{"value":true},"width":{"title":"Width","value":null,"type":"text"},"height":{"title":"Height","value":null,"type":"text"},"rotation":{"title":"Rotation","value":0,"min":0,"step":1,"max":360},"img_tooltip":{"title":"Image Tip","type":"text","value":""},"align":{"title":"Image align","type":"select","value":"auto","options":["auto","left","center","right"]},"valuerule":{"value":true},"condition":{"value":true},"field_id":{"value":true,"id":"fld6"},"use_for_pdf":{"title":"Use for PDF","value":false},"keep_aspect_ratio":{"title":"Keep aspect ratio","value":false},"onclick_action":{"title":"On click action","type":"checkbox","value":false},"isSetOrder":true,"subIndex":1,"styles":{"Container-1645536674540-445-5":{"options":{"top":-4,"left":-1,"taborder":6},"container":{}},"Image-1645536674540-445-5":{"element":{"font-family":"Verdana, Geneva, sans-serif","font-size":"16px","color":"rgba(97,97,97,1)","padding-left":"px","size":"custom","width":"698px","height":"698px","background-color":"transparent"},"container":{},"options":{"widthUnit":"px","heightUnit":"px"},"type":"GeneralElement"}}},"isNew":true,"uid":"1645536674540-445-5","visible":"show","FieldTypeID":23,"FieldTypeName":"Image","FieldTypeDescription":"image for esthetic purposes","FieldTypeIsDataContainer":0,"FieldTypeIsForForm":1,"FieldTypeIsForReport":1,"FieldTypeConditionType":null,"FieldTypeIsBasic":0,"FieldTypeOrder":11,"FieldTypeIsLabelAssociated":0,"FieldTypeFormBuilderType":0,"FieldTypeReportBuilderType":0,"row":4,"className":"Image-1645536674540-445-5","classUID":"1645536674540-445-5","storedSize":{"styles":{"width":698,"height":698}},"hidePreview":false},{"properties":{"image":{"title":"Default image","type":"imageupload","value":"","src":"https://d3255hq6rclyj1.cloudfront.net/ff5429bdaf32bbf4e6b7330b1439fffb.jpg","width":450,"height":242,"hide":true},"_url":{"title":"Image HREF","type":"text","value":""},"_target":{"title":"HREF target","type":"select","value":"_self","options":["_blank","_parent","_self","_top"]},"showImageGallery":{"value":true},"width":{"title":"Width","value":null,"type":"text"},"height":{"title":"Height","value":null,"type":"text"},"rotation":{"title":"Rotation","value":0,"min":0,"step":1,"max":360},"img_tooltip":{"title":"Image Tip","type":"text","value":""},"align":{"title":"Image align","type":"select","value":"auto","options":["auto","left","center","right"]},"valuerule":{"value":true},"condition":{"value":true},"field_id":{"value":true,"id":"fld7"},"use_for_pdf":{"title":"Use for PDF","value":false},"keep_aspect_ratio":{"title":"Keep aspect ratio","value":false},"onclick_action":{"title":"On click action","type":"checkbox","value":false},"isSetOrder":true,"subIndex":1,"styles":{"Container-1645536678496-217-6":{"options":{"top":109,"left":378,"taborder":7},"container":{}},"Image-1645536678496-217-6":{"element":{"font-family":"Verdana, Geneva, sans-serif","font-size":"16px","color":"rgba(97,97,97,1)","padding-left":"px","size":"custom","width":"733.9622641509434px","height":"389px","background-color":"transparent"},"container":{},"options":{"widthUnit":"px","heightUnit":"px"},"type":"GeneralElement"}}},"isNew":true,"uid":"1645536678496-217-6","visible":"show","FieldTypeID":23,"FieldTypeName":"Image","FieldTypeDescription":"image for esthetic purposes","FieldTypeIsDataContainer":0,"FieldTypeIsForForm":1,"FieldTypeIsForReport":1,"FieldTypeConditionType":null,"FieldTypeIsBasic":0,"FieldTypeOrder":11,"FieldTypeIsLabelAssociated":0,"FieldTypeFormBuilderType":0,"FieldTypeReportBuilderType":0,"row":5,"className":"Image-1645536678496-217-6","classUID":"1645536678496-217-6","storedSize":{"styles":{"width":734,"height":389}},"hidePreview":false},{"properties":{"image":{"title":"Default image","type":"imageupload","value":"","src":"https://d3255hq6rclyj1.cloudfront.net/f50a9b842becbffaf4edadda3b9ccb70.jpg","width":3840,"height":2160,"hide":true},"_url":{"title":"Image HREF","type":"text","value":""},"_target":{"title":"HREF target","type":"select","value":"_self","options":["_blank","_parent","_self","_top"]},"showImageGallery":{"value":true},"width":{"title":"Width","value":null,"type":"text"},"height":{"title":"Height","value":null,"type":"text"},"rotation":{"title":"Rotation","value":0,"min":0,"step":1,"max":360},"img_tooltip":{"title":"Image Tip","type":"text","value":""},"align":{"title":"Image align","type":"select","value":"auto","options":["auto","left","center","right"]},"valuerule":{"value":true},"condition":{"value":true},"field_id":{"value":true,"id":"fld8"},"use_for_pdf":{"title":"Use for PDF","value":false},"keep_aspect_ratio":{"title":"Keep aspect ratio","value":false},"onclick_action":{"title":"On click action","type":"checkbox","value":false},"isSetOrder":true,"subIndex":1,"styles":{"Container-1645536704384-322-7":{"options":{"top":144,"left":75,"taborder":8},"container":{}},"Image-1645536704384-322-7":{"element":{"font-family":"Verdana, Geneva, sans-serif","font-size":"16px","color":"rgba(97,97,97,1)","padding-left":"px","size":"custom","width":"785.7142857142858px","height":"440px","background-color":"transparent"},"container":{},"options":{"widthUnit":"px","heightUnit":"px"},"type":"GeneralElement"}}},"isNew":true,"uid":"1645536704384-322-7","visible":"show","FieldTypeID":23,"FieldTypeName":"Image","FieldTypeDescription":"image for esthetic purposes","FieldTypeIsDataContainer":0,"FieldTypeIsForForm":1,"FieldTypeIsForReport":1,"FieldTypeConditionType":null,"FieldTypeIsBasic":0,"FieldTypeOrder":11,"FieldTypeIsLabelAssociated":0,"FieldTypeFormBuilderType":0,"FieldTypeReportBuilderType":0,"row":6,"className":"Image-1645536704384-322-7","classUID":"1645536704384-322-7","storedSize":{"styles":{"width":786,"height":440}},"hidePreview":false},{"properties":{"image":{"title":"Default image","type":"imageupload","value":"","src":"https://d3255hq6rclyj1.cloudfront.net/844371bcb85d6d5789b3cda9e6c90f88.jpg","width":1920,"height":1080,"hide":true},"_url":{"title":"Image HREF","type":"text","value":""},"_target":{"title":"HREF target","type":"select","value":"_self","options":["_blank","_parent","_self","_top"]},"showImageGallery":{"value":true},"width":{"title":"Width","value":null,"type":"text"},"height":{"title":"Height","value":null,"type":"text"},"rotation":{"title":"Rotation","value":0,"min":0,"step":1,"max":360},"img_tooltip":{"title":"Image Tip","type":"text","value":""},"align":{"title":"Image align","type":"select","value":"auto","options":["auto","left","center","right"]},"valuerule":{"value":true},"condition":{"value":true},"field_id":{"value":true,"id":"fld9"},"use_for_pdf":{"title":"Use for PDF","value":false},"keep_aspect_ratio":{"title":"Keep aspect ratio","value":false},"onclick_action":{"title":"On click action","type":"checkbox","value":false},"isSetOrder":true,"subIndex":1,"styles":{"Container-1645536717160-141-8":{"options":{"top":611,"left":717,"taborder":9},"container":{}},"Image-1645536717160-141-8":{"element":{"font-family":"Verdana, Geneva, sans-serif","font-size":"16px","color":"rgba(97,97,97,1)","padding-left":"px","size":"custom","width":"437.5px","height":"245px","background-color":"transparent"},"container":{},"options":{"widthUnit":"px","heightUnit":"px"},"type":"GeneralElement"}}},"isNew":true,"uid":"1645536717160-141-8","visible":"show","FieldTypeID":23,"FieldTypeName":"Image","FieldTypeDescription":"image for esthetic purposes","FieldTypeIsDataContainer":0,"FieldTypeIsForForm":1,"FieldTypeIsForReport":1,"FieldTypeConditionType":null,"FieldTypeIsBasic":0,"FieldTypeOrder":11,"FieldTypeIsLabelAssociated":0,"FieldTypeFormBuilderType":0,"FieldTypeReportBuilderType":0,"row":7,"className":"Image-1645536717160-141-8","classUID":"1645536717160-141-8","storedSize":{"styles":{"width":438,"height":245}},"hidePreview":false},{"properties":{"image":{"title":"Default image","type":"imageupload","value":"","src":"https://d3255hq6rclyj1.cloudfront.net/0639674b9ab1f939e21a47cf610d7287.jpg","width":1920,"height":1080,"hide":true},"_url":{"title":"Image HREF","type":"text","value":""},"_target":{"title":"HREF target","type":"select","value":"_self","options":["_blank","_parent","_self","_top"]},"showImageGallery":{"value":true},"width":{"title":"Width","value":null,"type":"text"},"height":{"title":"Height","value":null,"type":"text"},"rotation":{"title":"Rotation","value":0,"min":0,"step":1,"max":360},"img_tooltip":{"title":"Image Tip","type":"text","value":""},"align":{"title":"Image align","type":"select","value":"auto","options":["auto","left","center","right"]},"valuerule":{"value":true},"condition":{"value":true},"field_id":{"value":true,"id":"fld10"},"use_for_pdf":{"title":"Use for PDF","value":false},"keep_aspect_ratio":{"title":"Keep aspect ratio","value":false},"onclick_action":{"title":"On click action","type":"checkbox","value":false},"isSetOrder":true,"subIndex":1,"styles":{"Container-1645536725808-875-9":{"options":{"top":109,"left":128,"taborder":10},"container":{}},"Image-1645536725808-875-9":{"element":{"font-family":"Verdana, Geneva, sans-serif","font-size":"16px","color":"rgba(97,97,97,1)","padding-left":"px","size":"custom","width":"942.8571428571429px","height":"528px","background-color":"transparent"},"container":{},"options":{"widthUnit":"px","heightUnit":"px"},"type":"GeneralElement"}}},"isNew":true,"uid":"1645536725808-875-9","visible":"show","FieldTypeID":23,"FieldTypeName":"Image","FieldTypeDescription":"image for esthetic purposes","FieldTypeIsDataContainer":0,"FieldTypeIsForForm":1,"FieldTypeIsForReport":1,"FieldTypeConditionType":null,"FieldTypeIsBasic":0,"FieldTypeOrder":11,"FieldTypeIsLabelAssociated":0,"FieldTypeFormBuilderType":0,"FieldTypeReportBuilderType":0,"row":8,"className":"Image-1645536725808-875-9","classUID":"1645536725808-875-9","storedSize":{"styles":{"width":943,"height":528}},"hidePreview":false}],[],[],[]],"customEmailToFormOwner":{"isCustomEmailToFormOwner":false,"expression":"","expression_text":""},"additionalEmails":false,"customEmailFormat":{"isCustomEmail":false,"expression":"","expression_text":""},"isReplyToEmail":false,"replyToEmail":"","additionalEmailsList":"","additional_mails":"","custom_mail_format":"","redirect_url":"","redirectToUrl":false,"confirmation_text":"","confirmationText":true,"form_time_zone":2,"auto_translation":false,"delete_button_with_confirmation":"","user_notice":false,"unique_submission":false,"quota_limit":false,"quota_limit_count":0,"availableDateFrom":"2022-02-22T13:17:17.599Z","availableDateTo":"2022-02-22T13:17:17.599Z","availableFromTo":false,"disable":false,"acceleration":false,"chats":false,"heatmap":false,"randomize":false,"save2db":false,"autotranslate":false,"google_prediction":false,"geo_ip":false,"abTestingEnable":false,"typeOfForm":-1,"rules":[],"valueRule":[],"formUrlExtension":"ft3d9d2a4c1645535846154","isChangedUrlExtension":false,"validIndicator":true,"errorIndicator":true,"dontSaveData":false,"generateBarCode":false,"usability":false,"seo":{"title":"","description":"","keywords":""},"submit":{"value":"Submit Form"},"securedLogo":false,"autocorrectForMobile":false,"customSubject":{"expression":null,"expression_text":null,"showEditor":false},"customHeader":{"expression":null,"expression_text":null,"showEditor":false},"customFooter":{"expression":null,"expression_text":null,"showEditor":false},"direction":{"isChecked":false,"value":"ltr"},"styles":{},"panelSettings":{"toolbar":{"isHide":true}},"PageBreak":{"header":"","footer":""},"ver":2,"abTestingConfig":{"forms":[]},"footer":{"elements":[{"FieldTypeName":"Button","properties":{"type":{"title":"Button Type:","type":"select","value":"submit","options":["submit","reset","print","draft","dummy","Salesforce Action","Visual Composer","Go Prev","Go Next","Go to page","Reset signature","Modal signature","Condition","SmartV Logout","Redirect","SSO Logout","XML Parser","Twilio","Close Twilio","Refresh Location","Barcode Scanner"]},"align":{"title":"Button align","type":"select","value":"auto","options":["auto","left","center","right"]},"user_tip":{"title":"User tip","type":"text","value":""},"img_btn_url":{"title":"Choose BackGround Image","type":"imageBackground","value":"","src":""},"default":{"title":"Button text","type":"text","value":"Submit"},"admin_field_only":{"title":"Admin Field","type":"checkbox","value":false},"unique_value":{"title":"Unique value","type":"checkbox","value":false},"confirmation_mode":{"title":"Confirmation mode","type":"checkbox","value":false},"onclick_action":{"title":"On click action","type":"checkbox","value":false},"prop_disabled":{"value":true},"field_id":{"value":true}}}],"sortableOptions":{"connectWith":".elements-list","placeholder":"placeholder-element","handle":".formElementHandle,#moveElement,.form-element","appendTo":"body","revert":"invalid","revertDuration":800,"scroll":false,"cursor":"move","delay":150}},"testing":{"list":[{"value":0,"label":"item1"},{"value":1,"label":"item2"}]},"analytics":{"viewID":""},"personalization":{"language":{"code":"en","name":"English","nativeName":"English"},"timezone":{},"inlineDateTimeShow":false,"geolocation":false,"submitMsg":"Submitting your form ...","showOptionalLabel":{"value":false,"label":"(Optional)"},"showMandatoryExplanation":{"value":false,"text":"* is mandatory field"}},"autofilter":false,"currentDevice":"Desktop","enabledVersions":true,"pagerCount":0,"formVersionSettings":{"isUseGit":true,"isLarge":false,"repo":"AmyDemo","branch":"main"},"ruller":{"leftLines":{},"topLines":{}},"ThemeID":511919,"id":1047743,"croNotifycation":{"cro":16},"isValidRule":0,"isCached":false,"isCachedHQImage":false}