{"_id":"62b97064dc8a5dbef6e18e48","UserID":236080,"IsDeleted":false,"Props":{"elements":{"s1":{"type":"Strip","props":{"styleRef":"s1"},"children":["e3","e4","e5","e6","e7","e8","e10"],"parent":null},"e3":{"type":"Image","props":{"lg":{"src":"","alt":"","gridArea":"Col1","position":{"left":276.5,"top":138},"isHidden":false},"styleRef":"e3","tag":"Rich"},"children":[],"parent":"s1"},"e4":{"type":"Image","props":{"lg":{"src":"","alt":"","gridArea":"Col1","position":{"left":537,"top":138,"leftUnit":"px","topUnit":"px","right":"","bottom":"","transform":""},"isHidden":false},"styleRef":"e4","tag":"File"},"children":[],"parent":"s1"},"e5":{"type":"Typography","props":{"lg":{"text":"Rich","variant":"p","gridArea":"Col1","position":{"left":281.5,"top":366,"disableInherit":true},"isHidden":false},"styleRef":"e5"},"children":[],"parent":"s1"},"e6":{"type":"Typography","props":{"lg":{"text":"SF File","variant":"p","gridArea":"Col1","position":{"left":553.5,"top":372,"disableInherit":true},"isHidden":false},"styleRef":"e6"},"children":[],"parent":"s1"},"e7":{"type":"Typography","props":{"lg":{"text":"SF url","variant":"p","gridArea":"Col1","position":{"left":770.5,"top":374,"disableInherit":true},"isHidden":false},"styleRef":"e7"},"children":[],"parent":"s1"},"e8":{"type":"Image","props":{"lg":{"src":"","alt":"","gridArea":"Col1","position":{"left":739,"top":121,"leftUnit":"px","topUnit":"px","right":"","bottom":"","transform":""},"isHidden":false},"styleRef":"e8"},"children":[],"parent":"s1"},"e10":{"type":"Image","props":{"lg":{"src":"","alt":"","gridArea":"Col1","position":{"left":327.5,"top":462},"isHidden":false},"styleRef":"e10"},"children":[],"parent":"s1"}},"Grid":["s1"],"styles":{"e10":{"lg":{"root":{"width":"250","height":"200"}},"type":"Image"},"e3":{"lg":{"root":{"width":"250","height":"200"}},"type":"Image"},"e4":{"lg":{"root":{"width":"250","height":"200"}},"type":"Image"},"e5":{"lg":{"root":{"width":270,"height":27}},"type":"Typography"},"e6":{"lg":{"root":{"width":270,"height":27}},"type":"Typography"},"e7":{"lg":{"root":{"width":270,"height":27}},"type":"Typography"},"e8":{"lg":{"root":{"width":"250","height":"200"}},"type":"Image"},"s1":{"type":"Strip","lg":{"columns":1,"rows":1,"areas":[["Col1"]],"root":{"minHeight":647},"row0":647,"row0Unit":"px"}}},"isSurveyForm":false,"ui":{"Drawer":[],"Modal":[]}},"IsDisabled":false,"isPublic":true,"URL":"ft9a052f9437ab4eb0a2e39d17db1deea1","Description":"","Version":0,"ProjectID":"62b97064dc8a5dbef6e18e4b","isCachedCDN":"3.24.11","CreatedAt":"2022-06-27T08:55:00.304Z","__v":0,"PublishProps":{"elements":{"s1":{"type":"Strip","props":{"styleRef":"s1"},"children":["e3","e4","e5","e6","e7","e8"],"parent":null},"e3":{"type":"Image","props":{"lg":{"src":"","alt":"","gridArea":"Col1","position":{"left":276.5,"top":138},"isHidden":false},"styleRef":"e3","tag":"Rich"},"children":[],"parent":"s1"},"e4":{"type":"Image","props":{"lg":{"src":"","alt":"","gridArea":"Col1","position":{"left":537,"top":138,"leftUnit":"px","topUnit":"px","right":"","bottom":"","transform":""},"isHidden":false},"styleRef":"e4","tag":"File"},"children":[],"parent":"s1"},"e5":{"type":"Typography","props":{"lg":{"text":"Rich","variant":"p","gridArea":"Col1","position":{"left":281.5,"top":366,"disableInherit":true},"isHidden":false},"styleRef":"e5"},"children":[],"parent":"s1"},"e6":{"type":"Typography","props":{"lg":{"text":"SF File","variant":"p","gridArea":"Col1","position":{"left":553.5,"top":372,"disableInherit":true},"isHidden":false},"styleRef":"e6"},"children":[],"parent":"s1"},"e7":{"type":"Typography","props":{"lg":{"text":"SF url","variant":"p","gridArea":"Col1","position":{"left":770.5,"top":374,"disableInherit":true},"isHidden":false},"styleRef":"e7"},"children":[],"parent":"s1"},"e8":{"type":"Image","props":{"lg":{"src":"","alt":"","gridArea":"Col1","position":{"left":739,"top":121,"leftUnit":"px","topUnit":"px","right":"","bottom":"","transform":""},"isHidden":false},"styleRef":"e8"},"children":[],"parent":"s1"}},"Grid":["s1"],"styles":{"s1":{"type":"Strip","lg":{"columns":1,"rows":1,"areas":[["Col1"]],"root":{"minHeight":"600"}}},"e3":{"lg":{"root":{"width":"250","height":"200"}},"type":"Image"},"e4":{"lg":{"root":{"width":"250","height":"200"}},"type":"Image"},"e5":{"lg":{"root":{"width":270,"height":27}},"type":"Typography"},"e6":{"lg":{"root":{"width":270,"height":27}},"type":"Typography"},"e7":{"lg":{"root":{"width":270,"height":27}},"type":"Typography"},"e8":{"lg":{"root":{"width":"250","height":"200"}},"type":"Image"}},"isSurveyForm":false}}